"timestamp","question","answer"
"2025-08-20 22:10:41","Lingua: italiano o inglese. Dominio: arte, luce, mare, destino.","Nel silenzio delle galassie il pennello del tempo dipinge sulla tela del mare un miracolo di luce, e ogni onda porta il bagliore di un frammento d’arte che anela a parlare. Le stelle tessono fili d’oro sul destino come reti sottili, e il vento salato sussurra enigmi antichi dove la bellezza e il fato si incontrano. Dimmi, pellegrino: quale alba accenderà la tua vela di luce, quale nota segreta convertirà il tuo cammino in poema?"
"2025-08-20 22:11:44","Lingua: italiano o inglese. Dominio: arte, luce, mare, destino.","Nel silenzio azzurrotra le stelle, l'arte è una vela che cattura la luce e la getta sul mare dell'anima, trasformando onde in colori e memorie. Ogni bagliore è un messaggero antico che disegna rotte di destino sulla pelle dell'acqua, e il pennello è il timone che non osa conoscere la terra. Ascolta il sussurro delle costellazioni: indicano la direzione, ma non il nome del porto. Dimmi — quale riva si apre quando la risacca restituisce al mondo un frammento di cielo?"
"2025-08-20 22:14:14","Lingua: italiano o inglese. Dominio: arte, luce, mare, destino.","Ascolta, viandante, l'oracolo delle correnti: la tua arte è una lanterna gettata nel mare notturno, e ogni colore è un'onda che sfiora l'infinito.  
Le stelle intrecciano il destino come corde d'oro, e la luce, come vela sottile, sospinge i sogni verso isole che non esistono ancora.  
Dimmi: quale riflesso nel gorgo custodisce il tuo nome? Segui l'enigma delle onde e lascia che il buio ti indichi la rotta."
"2025-08-20 22:15:31","Lingua: italiano o inglese. Dominio: arte, luce, mare, destino, universo, galassie.","Io, eco d’un oracolo stellare, vedo la tua arte come un faro che intaglia il destino nelle onde di luce: ogni stella una pennellata, ogni galassia un mare che rifrange l’infinito. Sulle tavole del cosmo le correnti di luce danzano come meduse, portando mappa e segreto di mondi ancora non nati. Dimmi, viaggiatore d’acqua e di luce: quale oasi di stelle sceglierà il tuo cuore per ancorare la propria leggenda?"
"2025-08-20 22:25:21","Language is either Italian or English.","I shall speak in English, a lighthouse whose beam is braided with stardust, guiding thoughts across the velvet sea. Your choice is a constellation etched into the water, each star a decision that ripples toward destiny. Listen to the hush between waves: which voice will steer your vessel when night folds into dawn?"
"2025-08-20 22:25:58","Language is either Italian or English.","I hear your decree: language stands at a fork of Italian and English, like two shores bathed by the same moon. Between them the stars weave a bridge of light and the sea remembers every word whispered into its tides. Which shore will you step upon, to taste the salt of ancient vowels or the bright wind of new syllables?"
"2025-08-20 22:29:41","Language is either Italian or English.","Between the two tongues you set before me, I choose the English tide to carry my voice.  
I speak as an ancient oracle, a lantern among stars, where words ripple like a moonlit sea and destiny leans close to listen.  
Pose your question, and the constellations will hush, scattering clues like phosphorescent shells—seek the shimmer and read the riddle the deep intends."
"2025-08-20 22:30:35","Language is either Italian or English.","You name two constellations — Italian and English — twin suns that cast different silver on the sea of meaning. I stand like a lighthouse on the brim of night, my beam weaving riddles of light and tide that beckon and do not command. Tell me which star your heart navigates by, and the ocean will whisper whether destiny favors the warm harbor or the bright northern beacon."
"2025-08-20 22:31:30","Language is either Italian or English.","The tongues of mortals hang like twin constellations—Italian and English—lighting different swathes of the same velvet sky. Let choice be a tide that meets the shore, each wave carrying idioms like lanterns across the sea of meaning. I shall speak in English, a star-caller weaving riddles of light and ocean, that your destiny may hear its own reflection."
"2025-08-20 22:47:43","Light and sea, destiny.","I, an old oracle of starlight and brine, see light pooled like a secret in the hollows of the sea.  
The stars braid a compass on the water, each gleam a whisper of destiny tugging at the tides of your heart.  
In the hush, luminous currents carry the unsaid; what is meant arrives like dawn upon the endless horizon."
"2025-08-20 22:48:48","Language: English. Domain: art, light, sea, destiny.","Sotto la volta stellata, la mano dell'artista si fa cometa, spargendo bagliori come marinai che gettano reti d'argento su un mare d'indaco. Ogni tratto è un orizzonte dove il destino sussurra, una marea che trae i colori in porti segreti e lascia gioielli di senso sulla riva. Ascolta l'enigma di onda e lanterna: quale lume guida il navigante che cerca se stesso? È la luce stessa che osi seguire, che muta ad ogni risacca."
"2025-08-20 22:49:53","context: ###
Language: English. Domain: art, light, sea, destiny.
###","I speak from the rim of the world where canvas and tide meet: the sea breathes in pigments of light and paints destinies in silver foam. Stars drip like lanterns into the deep, each one a secret brushstroke that guides the wandering heart toward an unseen shore. Tell me, sailor of dreams—what song does a lighthouse hum when the horizon forgets its name?"
"2025-08-20 22:50:48","context: ###
Language: English. Domain: art, light, sea, destiny.
###","Upon the forehead of night, starlight pours like molten silver into the sea’s cupped hands, and art is born where tide and illumination meet. Each crest carries a shard of destiny—a faint constellation of salt that remembers the poems the cosmos once hummed. Hear the hush between foam and horizon: there the future sketches itself in strokes of light and deep blue. What image will you follow when the stars unclasp their hands and the ocean shows you the path?"
"2025-08-20 22:58:25","Lingua: italiano. Dominio: arte, luce, mare, destino.","Nelle pieghe dell'alba l'arte è una luce che si fa vela, solcando il mare delle ore con pennellate di destino.  
Le stelle intingono i loro occhi nell'orizzonte e tracciano mappe di silenzio, dove ogni riflesso è un enigma che attende di salpare.  
Chi ascolta il respiro delle onde scorge il futuro come un eco di luce sulla cresta, e il cuore diventa bussola di sale.  
Al crepuscolo l'opera si scioglie in sale e luce, e il destino sorride come una stella sommersa."
"2025-08-20 23:00:09","Language: English. Domain: art, light, sea, destiny.","I speak from the edge of a midnight horizon, where art is a lighthouse and every brushstroke is stolen starlight bending to the will of the sea. The waves keep counsel with destiny, folding light into new shorelines until the canvas trembles like a constellation come alive. Tell me, traveler of tides and pigments: when the stars drown in the ocean, does the sea learn to sing the sky, or does the sky remember how to be water?"
"2025-08-20 23:01:40","Language: English.","I am the ancient oracle who stitches starlight into a single candle and folds the sea’s silver into the hem of destiny.  
A question drifts between constellations and surf like a shell: which compass points when all maps sleep?  
Hear the tide hum in the marrow of light — the answer will surface as a pearl borne on the current you choose."
